first_name,last_name,email,ip_address
Cindie,Brunton,cbrunton0@elegantthemes.com,189.136.24.237
Valentina,Blanc,vblanc1@boston.com,85.122.105.97
Mendel,Poltone,mpoltone2@cpanel.net,188.168.74.82
Ralph,Marklund,rmarklund3@godaddy.com,185.54.235.67
Adriaens,Sperry,asperry4@wikimedia.org,132.174.135.16
Carney,Bartzen,cbartzen5@cdbaby.com,108.17.168.190
Kay,Slora,kslora6@china.com.cn,3.224.172.204
Matilda,Konneke,mkonneke7@guardian.co.uk,108.177.164.116
Benoit,Dusting,bdusting8@apple.com,108.100.230.57
Sybilla,Shillito,sshillito9@networksolutions.com,252.82.25.227
Marcelle,Loveridge,mloveridgea@about.me,61.111.201.14
Tulley,Doniso,tdonisob@unblog.fr,156.216.215.56
Mychal,Marchington,mmarchingtonc@google.com.au,37.51.78.38
Devlen,Rickerd,drickerdd@sourceforge.net,132.126.43.207
Kriste,Keeton,kkeetone@mozilla.org,80.47.132.159
Fabe,Scarce,fscarcef@mtv.com,78.156.253.76
Darn,Woollaston,dwoollastong@wikia.com,66.51.178.33
Agneta,Selwin,aselwinh@yahoo.com,161.135.98.4
Cullen,Hagergham,chagerghami@sitemeter.com,214.176.31.43
Rickie,Saturley,rsaturleyj@salon.com,0.122.209.135
